Date,Open,High,Low,Close
2022-01-03,59.323665618896484,60.706764221191406,59.030845642089844,59.959144592285156
2022-01-04,61.54160690307617,62.33283615112305,61.111724853515625,61.909183502197266
2022-01-05,62.13347244262695,63.41688537597656,61.859344482421875,61.909183502197266
2022-01-06,62.5820426940918,62.974544525146484,61.94033432006836,62.27053451538086
2022-01-07,62.17708206176758,63.697242736816406,62.15839385986328,63.17390823364258
2022-01-10,63.37327575683594,63.54772186279297,61.64128875732422,61.94033432006836
2022-01-11,62.48236083984375,63.778236389160156,62.28299331665039,63.41688537597656
2022-01-12,63.19260025024414,63.933990478515625,63.16144943237305,63.697242736816406
2022-01-13,63.7283935546875,64.57569885253906,63.42311477661133,63.83430862426758
2022-01-14,63.33589553833008,64.33895111083984,62.868629455566406,64.27041625976562
2022-01-18,63.896610260009766,64.62554168701172,63.647403717041016,64.10220336914062
2022-01-19,63.97760009765625,64.16450500488281,62.594505310058594,62.687957763671875
2022-01-20,62.44498062133789,63.41688537597656,61.03696060180664,61.21140670776367
2022-01-21,60.86874771118164,61.27370834350586,59.72239685058594,59.996524810791016
2022-01-24,58.9311637878418,60.706764221191406,57.498226165771484,60.376564025878906
2022-01-25,56.76929473876953,57.54183578491211,55.01239013671875,56.763065338134766
2022-01-26,57.012271881103516,57.261478424072266,54.856632232666016,55.647865295410156
2022-01-27,56.07151794433594,57.17425537109375,54.86909484863281,56.00921630859375
2022-01-28,55.635406494140625,57.417232513427734,55.35504913330078,57.379852294921875
2022-01-31,57.0745735168457,58.9124755859375,56.713226318359375,58.862632751464844
2022-02-01,59.18660354614258,61.317317962646484,59.030845642089844,61.02450180053711
2022-02-02,60.85005569458008,61.4170036315918,59.9093017578125,61.08057403564453
2022-02-03,60.52608871459961,61.778350830078125,60.152278900146484,61.2550163269043
2022-02-04,60.86874771118164,62.33283615112305,60.83136749267578,61.684898376464844
2022-02-07,61.909183502197266,62.66926574707031,61.36716079711914,62.239383697509766
2022-02-08,62.28922653198242,62.61319351196289,61.44815444946289,61.871803283691406
2022-02-09,62.45743942260742,62.594505310058594,61.7534294128418,61.83442306518555
2022-02-10,61.29862976074219,62.725337982177734,61.0556526184082,61.54783630371094
2022-02-11,61.69112777709961,62.44498062133789,59.915531158447266,60.32672119140625
2022-02-14,60.25196075439453,60.68184280395508,59.535491943359375,60.18342971801758
2022-02-15,61.04942321777344,63.16144943237305,61.02450180053711,62.87486267089844
2022-02-16,62.357757568359375,63.49164962768555,62.233154296875,63.18014144897461
2022-02-17,62.51974105834961,62.569583892822266,60.98088836669922,61.34223937988281
2022-02-18,61.317317962646484,61.65998077392578,57.2677116394043,57.747432708740234
2022-02-22,57.71628189086914,59.323665618896484,57.548065185546875,58.65703582763672
2022-02-23,58.4327507019043,59.09938049316406,57.510684967041016,57.722511291503906
2022-02-24,56.4390983581543,57.996639251708984,54.638580322265625,57.65398025512695
2022-02-25,58.196006774902344,60.69430160522461,57.97794723510742,60.04013442993164
2022-02-28,59.037078857421875,59.69747543334961,58.64457702636719,59.50434112548828
2022-03-01,59.16168212890625,59.84700012207031,57.2365608215332,57.52314758300781
2022-03-02,58.22715759277344,59.155452728271484,57.99040985107422,58.663265228271484
2022-03-03,59.14921951293945,59.37350845336914,57.305091857910156,57.59790802001953
2022-03-04,56.208580017089844,56.37056350708008,54.52643585205078,55.53572463989258
2022-03-07,55.24290466308594,55.5793342590332,53.137107849121094,53.193180084228516
2022-03-08,54.22115707397461,56.35187530517578,53.29909133911133,54.91893768310547
2022-03-09,56.98112106323242,57.9343376159668,56.7568359375,56.85028839111328
2022-03-10,54.68218994140625,57.06834411621094,54.48282241821289,56.90013122558594
2022-03-11,57.81596374511719,58.326839447021484,57.1057243347168,57.49199676513672
2022-03-14,57.591678619384766,58.55735397338867,57.28017044067383,57.59790802001953
2022-03-15,58.09632110595703,58.28945541381836,56.85651779174805,57.535606384277344
2022-03-16,58.2333869934082,59.46072769165039,57.77858352661133,58.999698638916016
2022-03-17,58.68818664550781,59.54172134399414,58.13370132446289,59.51679992675781
2022-03-18,59.55418014526367,59.75354766845703,58.9124755859375,59.55418014526367
2022-03-21,58.84394073486328,59.63517379760742,58.34552764892578,59.074459075927734
2022-03-22,59.336124420166016,59.952911376953125,58.93739318847656,59.124298095703125
2022-03-23,58.92493438720703,58.97477722167969,58.25830841064453,58.376678466796875
2022-03-24,58.80656051635742,58.825252532958984,58.34552764892578,58.63834762573242
2022-03-25,58.837711334228516,59.130531311035156,58.196006774902344,58.576045989990234
2022-03-28,58.31437683105469,58.339298248291016,56.52008819580078,57.31755065917969
2022-03-29,57.95302963256836,59.167911529541016,57.95302963256836,58.96854782104492
2022-03-30,58.326839447021484,59.27382278442383,58.127471923828125,58.92493438720703
2022-03-31,58.40782928466797,58.532432556152344,56.98735046386719,57.00604248046875
2022-04-01,57.379852294921875,57.66644287109375,56.763065338134766,57.62282943725586
2022-04-04,57.42969512939453,57.51691436767578,56.632232666015625,57.33000946044922
2022-04-05,57.1057243347168,57.52937698364258,56.015445709228516,56.133819580078125
2022-04-06,55.67901611328125,56.17742919921875,54.713340759277344,56.015445709228516
2022-04-07,55.959373474121094,56.121360778808594,54.25853729248047,55.73508834838867
2022-04-08,55.753780364990234,56.23973083496094,55.211753845214844,55.9095344543457
2022-04-11,55.78493118286133,57.06211471557617,55.46718978881836,55.86592102050781
2022-04-12,56.07151794433594,56.9063606262207,55.635406494140625,56.07151794433594
2022-04-13,56.171199798583984,56.974891662597656,56.06528854370117,56.538780212402344
2022-04-14,56.71945571899414,57.41100311279297,56.464019775390625,56.588619232177734
2022-04-18,56.67584228515625,57.00604248046875,56.00921630859375,56.32072448730469
2022-04-19,56.56993103027344,57.47953414916992,56.56993103027344,57.2552490234375
2022-04-20,57.629058837890625,58.00910186767578,56.85028839111328,56.94374084472656
2022-04-21,57.90941619873047,58.42652130126953,56.962432861328125,57.143104553222656
2022-04-22,56.62600326538086,56.881439208984375,55.436038970947266,55.49211120605469
2022-04-25,55.136993408203125,56.07151794433594,53.940799713134766,55.99675369262695
2022-04-26,52.9252815246582,53.099727630615234,48.85075378417969,50.208927154541016
2022-04-27,49.84135055541992,50.9316291809082,48.51432418823242,48.72615051269531
2022-04-28,48.83829116821289,49.03142547607422,47.255828857421875,48.427101135253906
2022-04-29,48.2775764465332,48.676307678222656,46.32130432128906,46.44590759277344
2022-05-02,46.15932083129883,47.24336624145508,45.23725509643555,47.06892395019531
2022-05-03,47.87884521484375,48.76353073120117,47.336822509765625,48.383487701416016
2022-05-04,48.713687896728516,50.32107162475586,48.1093635559082,50.10924530029297
2022-05-05,49.455078125,49.89118957519531,48.321189880371094,48.962894439697266
2022-05-06,48.80091094970703,48.83829116821289,47.467655181884766,48.738609313964844
2022-05-09,47.835235595703125,47.9473762512207,45.193641662597656,45.46154022216797
2022-05-10,46.103248596191406,46.53936004638672,44.32141876220703,45.67336654663086
2022-05-11,45.9537239074707,46.464595794677734,44.894596099853516,45.13134002685547
2022-05-12,44.695228576660156,46.23408126831055,44.340110778808594,45.6546745300293
2022-05-13,46.34622573852539,47.330589294433594,46.19670104980469,46.757415771484375
2022-05-16,46.296382904052734,46.97547149658203,45.93503189086914,46.49574661254883
2022-05-17,47.4801139831543,48.096900939941406,47.218448638916016,47.598487854003906
2022-05-18,47.1312255859375,47.673248291015625,46.61412048339844,46.850868225097656
2022-05-19,46.72626495361328,47.68571090698242,46.38360595703125,47.18729782104492
2022-05-20,47.41781234741211,47.623409271240234,45.64844512939453,46.88201904296875
2022-05-23,47.36174011230469,47.598487854003906,46.73249435424805,47.01285171508789
2022-05-24,46.558048248291016,46.64527130126953,44.894596099853516,46.427215576171875
2022-05-25,45.773048400878906,46.470829010009766,45.24348449707031,46.433448791503906
2022-05-26,46.86332702636719,48.41463851928711,46.53936004638672,47.9785270690918
2022-05-27,48.15297317504883,49.081268310546875,47.966068267822266,49.068809509277344
2022-05-31,48.56416320800781,49.24325180053711,48.4457893371582,48.7759895324707
2022-06-01,49.26817321777344,49.49245834350586,47.7791633605957,48.296268463134766
2022-06-02,48.6077766418457,49.006507873535156,48.07821273803711,48.595314025878906
2022-06-03,47.8103141784668,48.06575012207031,47.14368438720703,47.953609466552734
2022-06-06,48.53924560546875,48.7759895324707,47.829002380371094,47.97229766845703
2022-06-07,47.91622543334961,48.68876647949219,47.45519256591797,48.595314025878906
2022-06-08,47.7791633605957,48.76976013183594,47.673248291015625,48.07197952270508
2022-06-09,47.90376663208008,48.003448486328125,46.57051086425781,46.589202880859375
2022-06-10,45.49269104003906,45.57991409301758,44.07221221923828,44.37749099731445
2022-06-13,43.28097915649414,43.61117935180664,41.82935333251953,42.19070053100586
2022-06-14,42.3339958190918,42.932090759277344,42.072330474853516,42.396297454833984
2022-06-15,42.96324157714844,43.62363815307617,42.240543365478516,43.05046463012695
2022-06-16,41.76081848144531,41.89165496826172,40.40264129638672,40.6767692565918
2022-06-17,40.61446762084961,41.57391357421875,40.20950698852539,41.11911392211914
2022-06-21,42.028717041015625,42.40252685546875,40.938438415527344,40.96335983276367
2022-06-22,39.98522186279297,40.745304107666016,39.9789924621582,40.20950698852539
2022-06-23,40.10359573364258,40.545936584472656,39.299903869628906,39.916690826416016
2022-06-24,40.284271240234375,42.34645462036133,40.13474655151367,41.791969299316406
2022-06-27,42.03494644165039,42.3028450012207,41.20633316040039,41.56145477294922
2022-06-28,42.02248764038086,42.645503997802734,40.72038269042969,41.044349670410156
2022-06-29,40.950897216796875,41.11911392211914,39.42450714111328,39.6799430847168
2022-06-30,38.969703674316406,39.72355651855469,38.47751998901367,39.667484283447266
2022-07-01,39.55533981323242,40.20950698852539,38.757877349853516,39.586490631103516
2022-07-05,38.3217658996582,38.69557571411133,37.337398529052734,38.64573669433594
2022-07-06,38.3529167175293,38.8513298034668,37.8358154296875,38.35914611816406
2022-07-07,38.9821662902832,39.3310546875,38.589664459228516,39.25006103515625
2022-07-08,39.17530059814453,40.109825134277344,38.75164794921875,39.40581512451172
2022-07-11,38.87002182006836,39.0133171081543,38.26569747924805,38.57097244262695
2022-07-12,38.0040283203125,40.203277587890625,38.0040283203125,39.26252365112305
2022-07-13,38.65819549560547,39.06315612792969,38.13486099243164,38.63327407836914
2022-07-14,38.0040283203125,38.10371017456055,37.381011962890625,38.06010055541992
2022-07-15,38.67688751220703,39.243831634521484,37.997798919677734,39.162841796875
2022-07-18,40.11605453491211,40.55839920043945,39.455657958984375,39.67371368408203
2022-07-19,40.18458557128906,41.61752700805664,40.17212677001953,41.58014678955078
2022-07-20,41.3060188293457,42.53959274291992,41.150264739990234,42.29661560058594
2022-07-21,42.17824172973633,42.57697296142578,41.8044319152832,42.44614028930664
2022-07-22,42.61435317993164,42.83863830566406,42.265464782714844,42.4835205078125
2022-07-25,41.97887420654297,42.94455337524414,41.76081848144531,42.58943176269531
2022-07-26,43.41181564331055,45.71074676513672,43.08161544799805,44.551937103271484
2022-07-27,44.857215881347656,45.106422424316406,43.67348098754883,44.59554672241211
2022-07-28,46.44590759277344,46.663963317871094,45.42416000366211,45.56745147705078
2022-07-29,45.48023223876953,46.427215576171875,45.1251106262207,46.047176361083984
2022-08-01,45.667137145996094,47.56733703613281,45.28709411621094,47.22467803955078
2022-08-02,46.875789642333984,47.38043212890625,46.3026123046875,46.32753372192383
2022-08-03,46.676422119140625,46.913169860839844,46.140628814697266,46.56428146362305
2022-08-04,46.40852737426758,46.508209228515625,45.82912063598633,45.89765167236328
2022-08-05,45.74812698364258,46.75118637084961,45.604835510253906,46.32753372192383
2022-08-08,47.27452087402344,47.835235595703125,46.639041900634766,46.83840560913086
2022-08-09,46.95677947998047,47.40535354614258,46.64527130126953,46.68265151977539
2022-08-10,47.4801139831543,48.47071075439453,47.293209075927734,48.05952072143555
2022-08-11,48.595314025878906,49.34916687011719,48.57039260864258,49.156028747558594
2022-08-12,49.39900588989258,49.82265853881836,48.9442024230957,49.79773712158203
2022-08-15,49.411468505859375,49.93479919433594,49.26817321777344,49.72297668457031
2022-08-16,49.41769790649414,50.65127182006836,49.3055534362793,50.50797653198242
2022-08-17,49.87873077392578,50.078094482421875,49.38031768798828,49.791507720947266
2022-08-18,49.698055267333984,49.7728157043457,49.22456359863281,49.34916687011719
2022-08-19,48.906822204589844,48.962894439697266,48.1405143737793,48.42087173461914
2022-08-22,47.430274963378906,47.45519256591797,46.32753372192383,46.589202880859375
2022-08-23,46.720035552978516,48.159202575683594,46.676422119140625,47.411582946777344
2022-08-24,47.44273376464844,48.14674377441406,47.27452087402344,47.8103141784668
2022-08-25,48.20281219482422,49.64198303222656,48.16543197631836,48.68253707885742
2022-08-26,48.83829116821289,48.98158645629883,46.85709762573242,46.89447784423828
2022-08-29,46.626583099365234,47.872615814208984,46.27769088745117,47.38043212890625
2022-08-30,47.82277297973633,48.084442138671875,46.308841705322266,46.80725860595703
2022-08-31,46.9817008972168,47.218448638916016,45.70451736450195,45.754356384277344
2022-09-01,45.635986328125,45.635986328125,44.50209426879883,45.53007125854492
2022-09-02,45.972412109375,46.32753372192383,44.92574691772461,45.1251106262207
2022-09-06,45.16872024536133,45.255943298339844,44.32141876220703,44.9568977355957
2022-09-07,44.7949104309082,45.941261291503906,44.682769775390625,45.84157943725586
2022-09-08,45.193641662597656,46.1530876159668,44.90705490112305,45.95995330810547
2022-09-09,46.433448791503906,46.70757293701172,45.90388107299805,46.12816619873047
2022-09-12,46.35868453979492,47.65456008911133,46.26523208618164,46.925628662109375
2022-09-13,45.642215728759766,46.01602554321289,43.99745178222656,44.13451385498047
2022-09-14,44.04729080200195,44.234195709228516,42.78879928588867,43.6298713684082
2022-09-15,43.474117279052734,44.103363037109375,42.8324089050293,42.932090759277344
2022-09-16,40.745304107666016,41.492923736572266,40.608238220214844,41.36208724975586
2022-09-19,40.86367416381836,42.04740905761719,40.782684326171875,41.77328109741211
2022-09-20,41.399471282958984,41.86673355102539,41.08173370361328,41.4866943359375
2022-09-21,41.75458908081055,41.78573989868164,40.59577941894531,40.63315963745117
2022-09-22,40.496097564697266,40.938438415527344,40.19704818725586,40.72038269042969
2022-09-23,40.215736389160156,40.545936584472656,39.59272003173828,40.215736389160156
2022-09-26,40.203277587890625,41.21879577636719,40.00391387939453,40.09113311767578
2022-09-27,40.40264129638672,40.689231872558594,39.56780242919922,40.165897369384766
2022-09-28,40.489864349365234,40.533477783203125,39.991451263427734,40.15966796875
2022-09-29,39.72978591918945,39.941612243652344,38.577205657958984,39.08184814453125
2022-09-30,39.02577590942383,39.43073654174805,38.552284240722656,38.57097244262695
2022-10-03,39.10053634643555,40.109825134277344,38.720497131347656,39.623870849609375
2022-10-04,40.42133331298828,42.14086151123047,40.415103912353516,42.07855987548828
2022-10-05,41.54899215698242,42.49597930908203,41.150264739990234,42.016258239746094
2022-10-06,41.57391357421875,42.04117965698242,40.988277435302734,41.25617599487305
2022-10-07,40.876136779785156,40.98204803466797,39.93538284301758,40.22196960449219
2022-10-10,40.52724838256836,40.88236618041992,39.91046142578125,40.48363494873047
2022-10-11,40.1783561706543,40.6580810546875,39.299903869628906,39.873077392578125
2022-10-12,39.6799430847168,40.75776290893555,39.28744125366211,40.334110260009766
2022-10-13,39.6799430847168,42.58943176269531,39.36843490600586,42.32776641845703
2022-10-14,42.55205154418945,42.85110092163086,41.860504150390625,42.09724807739258
2022-10-17,42.95701217651367,43.72955322265625,42.6330451965332,42.75764846801758
2022-10-18,43.72955322265625,44.32141876220703,43.567569732666016,44.04729080200195
2022-10-19,43.779396057128906,44.221736907958984,43.199989318847656,43.94137954711914
2022-10-20,44.08467483520508,44.61423873901367,43.50526809692383,43.592491149902344
2022-10-21,43.61117935180664,45.417930603027344,43.45542526245117,45.36808776855469
2022-10-24,45.48023223876953,46.3026123046875,45.336936950683594,45.70451736450195
2022-10-25,46.72626495361328,46.88201904296875,44.28403854370117,45.48023223876953
2022-10-26,45.66090774536133,47.741783142089844,45.598602294921875,47.01285171508789
2022-10-27,47.53618621826172,48.36479949951172,47.2807502746582,47.349281311035156
2022-10-28,47.7791633605957,48.82583236694336,47.71063232421875,48.80091094970703
2022-10-31,48.458251953125,49.13111114501953,48.3087272644043,48.4769401550293
2022-11-01,48.9442024230957,49.89741897583008,48.252655029296875,48.72615051269531
2022-11-02,48.65138626098633,49.62952423095703,48.14674377441406,48.22150421142578
2022-11-03,47.89130783081055,49.081268310546875,47.70439910888672,48.832061767578125
2022-11-04,49.83511734008789,50.564048767089844,49.486228942871094,50.50797653198242
2022-11-07,50.53289794921875,52.233734130859375,50.50797653198242,51.996986389160156
2022-11-08,52.20881271362305,52.7757568359375,51.49234390258789,52.33341598510742
2022-11-09,51.84746170043945,52.825599670410156,51.64809799194336,51.80385208129883
2022-11-10,53.099727630615234,53.37385559082031,52.4268684387207,53.193180084228516
2022-11-11,53.442386627197266,54.06540298461914,53.04988479614258,53.772586822509766
2022-11-14,53.56698989868164,54.264766693115234,53.37385559082031,53.47353744506836
2022-11-15,53.91587829589844,54.58873748779297,53.716514587402344,54.28968811035156
2022-11-16,54.096553802490234,54.15885543823242,52.73837661743164,52.89413070678711
2022-11-17,52.17766189575195,53.4361572265625,51.84123229980469,53.19940948486328
2022-11-18,53.884727478027344,54.29591751098633,52.862979888916016,53.2554817199707
2022-11-21,53.02496337890625,53.57944869995117,52.7882194519043,53.51091766357422
2022-11-22,53.766353607177734,54.570045471191406,53.57944869995117,54.389373779296875
2022-11-23,54.22115707397461,54.80056381225586,54.16508483886719,54.74449157714844
2022-11-25,54.638580322265625,55.06222915649414,54.42052459716797,54.91270446777344
2022-11-28,54.32706832885742,54.55135726928711,53.056114196777344,53.24925231933594
2022-11-29,53.4236946105957,53.52960968017578,52.93151092529297,53.36762237548828
2022-11-30,53.35516357421875,53.79750442504883,51.828773498535156,53.560760498046875
2022-12-01,53.71028137207031,53.95949172973633,52.87544250488281,53.11841583251953
2022-12-02,52.68853759765625,54.17131423950195,52.58885192871094,54.12770462036133
2022-12-05,53.479766845703125,53.610599517822266,52.719688415527344,52.744606018066406
2022-12-06,53.95949172973633,54.264766693115234,52.6262321472168,53.13087844848633
2022-12-07,52.9564323425293,53.62929153442383,52.84429168701172,52.9564323425293
2022-12-08,53.33024215698242,53.69782257080078,51.51726531982422,52.102901458740234
2022-12-09,52.0966682434082,52.20881271362305,50.669960021972656,50.74472427368164
2022-12-12,50.91293716430664,51.87238311767578,50.483055114746094,51.84123229980469
2022-12-13,52.68853759765625,52.89413070678711,51.04376983642578,51.63563537597656
2022-12-14,51.324127197265625,51.92222595214844,50.67618942260742,50.75718307495117
2022-12-15,49.88496017456055,50.59519958496094,48.906822204589844,49.09996032714844
2022-12-16,48.464481353759766,48.81336975097656,47.7791633605957,48.37725830078125
2022-12-19,48.1280517578125,48.81336975097656,48.096900939941406,48.632694244384766
2022-12-20,48.620235443115234,50.33976364135742,48.501861572265625,50.04694366455078
2022-12-21,50.48928451538086,52.077980041503906,50.445674896240234,51.697940826416016
2022-12-22,51.199527740478516,51.52972412109375,50.01579284667969,50.944087982177734
2022-12-23,50.906707763671875,51.330360412597656,50.43944549560547,50.95655059814453
2022-12-27,51.08738327026367,51.76647186279297,51.025081634521484,51.6107177734375
2022-12-28,51.70417022705078,51.81631088256836,50.65127182006836,51.06869125366211
2022-12-29,51.24313735961914,52.27734375,51.08738327026367,52.17766189575195
2022-12-30,51.654327392578125,52.352108001708984,51.57333755493164,52.20258331298828
2023-01-03,52.364566802978516,53.01250457763672,52.04682922363281,52.943973541259766
2023-01-04,54.59696578979492,56.02553939819336,53.27214813232422,56.02553939819336
2023-01-05,55.78611373901367,57.10295486450195,55.06783676147461,56.895450592041016
2023-01-06,57.47007369995117,57.725460052490234,56.46448516845703,57.414207458496094
2023-01-09,57.46208953857422,58.98643112182617,57.43016815185547,57.99680709838867
2023-01-10,57.621707916259766,60.151634216308594,57.621707916259766,60.07182693481445
2023-01-11,60.510772705078125,62.011173248291016,60.26336669921875,62.00319290161133
2023-01-12,62.15482711791992,63.21628189086914,61.683956146240234,62.93695068359375
2023-01-13,62.873104095458984,64.32562255859375,62.64963912963867,64.00638580322266
2023-01-17,63.782920837402344,64.37350463867188,63.65522766113281,64.23783111572266
2023-01-18,64.59696960449219,64.78850555419922,63.16041564941406,63.26416778564453
2023-01-19,62.20271301269531,62.84916305541992,61.189144134521484,61.340782165527344
2023-01-20,61.92338562011719,62.05107879638672,60.39105987548828,61.99521255493164
2023-01-23,61.93934631347656,63.862728118896484,61.883480072021484,63.6632080078125
2023-01-24,62.2505989074707,64.52513885498047,61.827613830566406,64.40542602539062
2023-01-25,63.67118835449219,64.92417907714844,63.39186096191406,64.47725677490234
2023-01-26,65.0279312133789,65.10774230957031,63.94253921508789,64.75658416748047
2023-01-27,64.64485168457031,67.0311279296875,64.5650405883789,66.4245834350586
2023-01-30,65.77014923095703,66.04149627685547,64.38148498535156,64.5091781616211
2023-01-31,64.2059097290039,64.57302856445312,63.42378234863281,64.22985076904297
2023-02-01,64.06224822998047,65.81803894042969,63.8547477722168,65.69832611083984
2023-02-02,65.59457397460938,67.06304931640625,65.36312866210938,66.99121856689453
2023-02-03,66.6480484008789,66.79170227050781,65.29927825927734,65.4110107421875
2023-02-06,65.01995086669922,65.7940902709961,64.83639526367188,65.7222671508789
2023-02-07,65.42697143554688,65.73822784423828,64.2777328491211,65.53072357177734
2023-02-08,65.1955337524414,65.92179107666016,64.88427734375,65.4110107421875
2023-02-09,65.71428680419922,65.94573211669922,64.19792175292969,64.47725677490234
2023-02-10,64.49321746826172,64.92417907714844,64.16600036621094,64.87629699707031
2023-02-13,64.8044662475586,66.17717742919922,64.70870208740234,65.98563385009766
2023-02-14,65.54668426513672,66.88746643066406,65.4110107421875,66.67198944091797
2023-02-15,65.92977142333984,67.66959381103516,65.7940902709961,67.65363311767578
2023-02-16,66.72785186767578,67.4700698852539,66.22505950927734,67.07901000976562
2023-02-17,66.7118911743164,66.89545440673828,65.62649536132812,66.27294158935547
2023-02-21,65.55467224121094,66.54429626464844,65.29129791259766,65.65043640136719
2023-02-22,65.57063293457031,67.30247497558594,65.52274322509766,66.39265441894531
2023-02-23,66.632080078125,67.36631774902344,65.36312866210938,66.1931381225586
2023-02-24,65.25139617919922,66.863525390625,65.16360473632812,66.67996978759766
2023-02-27,67.03910827636719,67.72545623779297,66.632080078125,66.91141510009766
2023-02-28,66.73583221435547,68.35594940185547,66.60813903808594,67.60574340820312
2023-03-01,67.56584167480469,68.12450408935547,66.83958435058594,67.15084075927734
2023-03-02,66.7198715209961,68.41979217529297,66.54429626464844,68.41181182861328
2023-03-03,68.55546569824219,69.46528625488281,67.95690155029297,68.93854522705078
2023-03-06,69.14604949951172,70.0877914428711,69.0103759765625,69.48124694824219
2023-03-07,69.40143585205078,69.89624786376953,68.71508026123047,68.94652557373047
2023-03-08,69.24980163574219,69.76057434082031,68.6911392211914,69.41739654541016
2023-03-09,71.79569244384766,75.77014923095703,71.64405059814453,73.07262420654297
2023-03-10,73.3439712524414,75.1795654296875,72.45809936523438,72.62569427490234
2023-03-13,71.58818817138672,72.41021728515625,69.96009826660156,71.00558471679688
2023-03-14,72.7613754272461,74.28571319580078,71.98722839355469,72.7613754272461
2023-03-15,71.02154541015625,71.63607025146484,68.99441528320312,71.63607025146484
2023-03-16,71.34876251220703,73.50359344482422,70.68635559082031,73.39984130859375
2023-03-17,73.25618743896484,73.2881088256836,71.3088607788086,72.0590591430664
2023-03-20,72.33040618896484,72.80925750732422,71.35674285888672,71.76376342773438
2023-03-21,72.60973358154297,74.25379180908203,72.5937728881836,73.56743621826172
2023-03-22,73.8148422241211,73.90263366699219,71.46847534179688,71.50039672851562
2023-03-23,72.33040618896484,74.18196105957031,72.25060272216797,73.09656524658203
2023-03-24,72.28252410888672,73.70310974121094,72.08300018310547,72.92098999023438
2023-03-27,73.64724731445312,74.7326431274414,73.5115737915039,74.46927642822266
2023-03-28,74.49321746826172,74.81244659423828,73.87071228027344,74.3335952758789
2023-03-29,74.99600982666016,75.35514831542969,74.75658416748047,75.06784057617188
2023-03-30,74.98004913330078,75.2673568725586,74.66879272460938,75.05985260009766
2023-03-31,75.44293975830078,76.35275268554688,75.2673568725586,76.29689025878906
2023-04-03,76.4166030883789,77.36631774902344,76.1053466796875,77.35035705566406
2023-04-04,77.38228607177734,78.1085433959961,75.55467224121094,75.85794067382812
2023-04-05,75.80207824707031,76.07342529296875,74.74860382080078,75.21947479248047
2023-04-06,75.11572265625,75.33120727539062,74.65283203125,74.70072174072266
2023-04-10,74.88427734375,75.81005859375,74.70870208740234,75.30726623535156
2023-04-11,75.42697143554688,75.7861099243164,74.92417907714844,74.94812774658203
2023-04-12,75.22745513916016,75.55467224121094,74.86831665039062,75.09976196289062
2023-04-13,75.32322692871094,75.57063293457031,74.59696960449219,75.2593765258789
2023-04-14,74.90821838378906,76.32881164550781,74.86831665039062,76.16919708251953
2023-04-17,76.31285095214844,77.29449462890625,76.20111846923828,77.23064422607422
2023-04-18,77.4142074584961,78.6272964477539,77.30247497558594,78.58738708496094
2023-04-19,78.67517852783203,79.25778198242188,78.5474853515625,79.03431701660156
2023-04-20,79.24980163574219,80.18355560302734,79.05825805664062,79.6169204711914
2023-04-21,79.79249572753906,79.87230682373047,79.11412811279297,79.41739654541016
2023-04-24,79.4732666015625,80.42298126220703,79.4732666015625,79.92816925048828
2023-04-25,81.3647232055664,81.41261291503906,77.8531494140625,78.56344604492188
2023-04-26,78.3958511352539,78.57142639160156,76.68795013427734,76.78372192382812
2023-04-27,77.43016815185547,78.36392974853516,77.094970703125,78.26017761230469
2023-04-28,77.51795959472656,79.58499908447266,77.31843566894531,78.98643493652344
2023-05-01,79.40143585205078,81.40463256835938,79.3056640625,80.75019836425781
2023-05-02,80.2952880859375,81.42857360839844,79.96009826660156,81.01356506347656
2023-05-03,81.3088607788086,82.16281127929688,80.85395050048828,81.2210693359375
2023-05-04,80.99760437011719,81.20510864257812,77.74142456054688,79.26576232910156
2023-05-05,80.27134704589844,81.21308898925781,79.60894012451172,80.0
2023-05-08,79.98403930664062,80.6943359375,79.98403930664062,80.5427017211914
2023-05-09,80.42298126220703,81.32482147216797,80.42298126220703,80.6065444946289
2023-05-10,80.9896240234375,81.1412582397461,78.57940673828125,79.44133758544922
2023-05-11,79.3296127319336,79.79249572753906,78.8667221069336,79.41739654541016
2023-05-12,79.4732666015625,79.80845642089844,77.98084259033203,78.85076141357422
2023-05-15,79.12210845947266,81.65203857421875,79.02633666992188,81.40463256835938
2023-05-16,80.79010772705078,81.58818817138672,80.51875305175781,80.71029663085938
2023-05-17,81.3008804321289,82.66560363769531,81.04549407958984,82.57781219482422
2023-05-18,82.11492156982422,83.22425842285156,81.18914794921875,83.00878143310547
2023-05-19,83.41580200195312,84.42138671875,82.87310791015625,83.20829772949219
2023-05-22,83.08060455322266,84.54907989501953,83.08060455322266,83.43974304199219
2023-05-23,82.88906860351562,83.11253356933594,80.83000946044922,81.16520690917969
2023-05-24,80.83000946044922,80.98164367675781,79.73663330078125,80.59058380126953
2023-05-25,80.92578125,81.47645568847656,80.23942565917969,81.02154541015625
2023-05-26,81.0774154663086,82.96089172363281,81.05347442626953,81.99520874023438
2023-05-30,82.21867370605469,82.25857543945312,80.33519744873047,81.72386169433594
2023-05-31,80.86193084716797,81.27693176269531,79.57701873779297,81.02952575683594
2023-06-01,80.77413940429688,83.93455505371094,80.66240692138672,83.53551483154297
2023-06-02,84.19792175292969,85.16360473632812,83.4317626953125,84.43734741210938
2023-06-05,84.43734741210938,84.43734741210938,83.08060455322266,83.08060455322266
2023-06-06,83.26416778564453,84.68475341796875,83.08060455322266,84.16600036621094
2023-06-07,85.10774230957031,85.65841674804688,84.30965423583984,84.66081237792969
2023-06-08,84.46927642822266,85.57063293457031,84.30167388916016,84.65283203125
2023-06-09,84.82841491699219,85.0359115600586,83.86273193359375,84.83639526367188
2023-06-12,84.84437561035156,85.30726623535156,84.31763458251953,84.78052520751953
2023-06-13,84.62091064453125,85.51476287841797,84.44532775878906,85.18755340576172
2023-06-14,85.17158508300781,85.23543548583984,82.9688720703125,83.55945587158203
2023-06-15,83.3519515991211,84.30965423583984,82.9928207397461,84.1260986328125
2023-06-16,84.55706024169922,86.91141510009766,84.54907989501953,84.82841491699219
2023-06-20,84.66081237792969,84.76456451416016,82.5299301147461,83.01676177978516
2023-06-21,82.71348571777344,84.34956359863281,82.66560363769531,83.83878326416016
2023-06-22,83.52753448486328,84.42936706542969,83.5115737915039,83.65522766113281
2023-06-23,82.27454376220703,83.29608917236328,81.9154052734375,82.8252182006836
2023-06-26,82.62569427490234,83.88667297363281,82.49002075195312,83.35993957519531
2023-06-27,83.50359344482422,83.96647644042969,83.2881088256836,83.73503875732422
2023-06-28,84.03032684326172,85.69034576416016,83.77494049072266,85.4349594116211
2023-06-29,84.77254486083984,86.05746459960938,84.62889099121094,85.98563385009766
2023-06-30,86.98323822021484,87.99681091308594,86.67198944091797,87.66959381103516
2023-07-03,87.03910827636719,87.25458526611328,85.6424560546875,86.4166030883789
2023-07-05,86.36871337890625,86.98323822021484,86.00159454345703,86.7118911743164
2023-07-06,86.20111846923828,86.79170227050781,85.28331756591797,85.69034576416016
2023-07-07,85.50678253173828,86.88746643066406,85.34716796875,86.40862274169922
2023-07-10,86.52034759521484,88.37191009521484,86.4884262084961,88.21228790283203
2023-07-11,88.37191009521484,89.0103759765625,87.97286224365234,88.76296997070312
2023-07-12,88.81883239746094,89.36153411865234,88.49960327148438,88.74700927734375
2023-07-13,88.78691101074219,89.2418212890625,88.44373321533203,88.81085205078125
2023-07-14,88.58738708496094,88.76296997070312,87.81324768066406,88.01277160644531
2023-07-17,88.12450408935547,89.50518798828125,87.90901947021484,88.6991195678711
2023-07-18,88.50758361816406,89.24980163574219,88.20430755615234,88.6352767944336
2023-07-19,88.05267333984375,88.43575286865234,86.85554504394531,87.7015151977539
2023-07-20,87.82122802734375,89.25778198242188,87.75738525390625,88.7789306640625
2023-07-21,88.93854522705078,89.28970336914062,87.6456527709961,88.05267333984375
2023-07-24,88.1085433959961,88.57142639160156,87.83718872070312,87.98883056640625
2023-07-25,91.38068389892578,94.14205932617188,90.68635559082031,93.50359344482422
2023-07-26,93.48763275146484,93.68714904785156,90.5427017211914,91.55626678466797
2023-07-27,92.22665405273438,93.5833969116211,91.72386169433594,92.11492156982422
2023-07-28,92.20271301269531,92.45809936523438,90.99760437011719,91.29290008544922
2023-07-31,91.33280181884766,91.58020782470703,90.7581787109375,91.17318725585938
2023-08-01,90.73423767089844,91.1412582397461,89.60095977783203,90.35913848876953
2023-08-02,90.15961456298828,90.58260345458984,89.3296127319336,89.36153411865234
2023-08-03,89.24980163574219,90.3192367553711,89.02633666992188,89.67278289794922
2023-08-04,90.03990173339844,90.87789154052734,89.22586059570312,90.2314453125
2023-08-07,90.6145248413086,91.76376342773438,90.6145248413086,91.56424713134766
2023-08-08,91.29290008544922,91.64405059814453,90.27932739257812,90.62250518798828
2023-08-09,90.9018325805664,90.92578125,89.36951446533203,89.52114868164062
2023-08-10,89.74461364746094,91.81165313720703,89.74461364746094,90.63846588134766
2023-08-11,90.6145248413086,92.09098052978516,90.5427017211914,91.46049499511719
2023-08-14,91.38068389892578,92.45809936523438,91.1412582397461,92.21867370605469
2023-08-15,91.50039672851562,91.50837707519531,90.55866241455078,90.86193084716797
2023-08-16,90.76615905761719,92.05107879638672,90.55866241455078,90.63846588134766
2023-08-17,90.96568298339844,91.29290008544922,88.53950500488281,88.55546569824219
2023-08-18,88.02873229980469,89.3296127319336,87.80526733398438,89.21788024902344
2023-08-21,89.41739654541016,89.7685546875,88.60335540771484,89.40143585205078
2023-08-22,89.50518798828125,90.22346496582031,88.4596939086914,89.11412811279297
2023-08-23,88.98643493652344,90.79010772705078,88.98643493652344,90.55866241455078
2023-08-24,90.34317779541016,90.94972229003906,88.60335540771484,88.61931610107422
2023-08-25,88.94652557373047,89.6807632446289,87.96488189697266,89.36153411865234
2023-08-28,89.82442474365234,91.20510864257812,89.50518798828125,90.94972229003906
2023-08-29,90.71827697753906,92.31444549560547,90.11971282958984,92.04309844970703
2023-08-30,91.66001892089844,92.24261474609375,90.94174194335938,91.22904968261719
2023-08-31,91.44453430175781,91.73184204101562,90.83000946044922,91.34876251220703
2023-09-01,91.79569244384766,92.1468505859375,90.6065444946289,91.17318725585938
2023-09-05,90.73423767089844,91.1332778930664,89.63288116455078,90.0877914428711
2023-09-06,90.06385040283203,91.03751373291016,89.3296127319336,89.92816925048828
2023-09-07,89.56105041503906,90.30326843261719,88.91460418701172,89.21788024902344
2023-09-08,88.98643493652344,89.40941619873047,88.76296997070312,89.1620101928711
2023-09-11,89.58499908447266,91.2210693359375,89.48124694824219,91.18914794921875
2023-09-12,91.18116760253906,93.23224639892578,90.98164367675781,91.77973175048828
2023-09-13,91.5323257446289,92.0670394897461,89.89624786376953,90.66240692138672
2023-09-14,91.27693176269531,93.54349517822266,91.23703002929688,92.2984848022461
2023-09-15,92.11492156982422,92.50598907470703,91.1412582397461,92.17079162597656
2023-09-18,92.40223693847656,93.71907043457031,91.71588134765625,93.03272247314453
2023-09-19,92.5937728881836,93.12051391601562,91.95530700683594,92.74541473388672
2023-09-20,93.00080108642578,93.91061401367188,91.63607025146484,91.66001892089844
2023-09-21,90.94174194335938,91.25299072265625,89.43335723876953,90.17557525634766
2023-09-22,90.10375213623047,90.34317779541016,88.64325714111328,88.78691101074219
2023-09-25,88.36392974853516,89.35355377197266,88.29209899902344,89.1620101928711
2023-09-26,88.58738708496094,89.33759307861328,87.58978271484375,87.73343658447266
2023-09-27,88.29209899902344,89.07421875,87.90901947021484,88.49960327148438
2023-09-28,88.6352767944336,90.17557525634766,88.45171356201172,89.65682220458984
2023-09-29,89.88826751708984,89.98403930664062,87.71747589111328,88.2282485961914
2023-10-02,88.14844512939453,88.74700927734375,86.27294158935547,86.82362365722656
2023-10-03,86.44054412841797,87.78132629394531,85.42697143554688,86.00159454345703
2023-10-04,86.16919708251953,87.15882110595703,85.68236541748047,86.87150573730469
2023-10-05,86.4884262084961,87.11093139648438,85.53870391845703,86.76775360107422
2023-10-06,86.47246551513672,89.3056640625,86.15322875976562,88.96248626708984
2023-10-09,88.59536743164062,88.6991195678711,87.42218780517578,87.99681091308594
2023-10-10,88.75498962402344,90.17557525634766,88.4676742553711,88.97047424316406
2023-10-11,89.3854751586914,90.50279235839844,89.23384094238281,90.39105987548828
2023-10-12,90.58260345458984,90.77413940429688,88.3958511352539,88.85076141357422
2023-10-13,88.82681274414062,88.96248626708984,86.7198715209961,87.29449462890625
2023-10-16,87.7015151977539,88.52354431152344,86.1851577758789,87.10295104980469
2023-10-17,86.79170227050781,88.33998107910156,86.24102020263672,87.80526733398438
2023-10-18,87.0071792602539,87.45410919189453,85.7222671508789,85.84996032714844
2023-10-19,85.92977142333984,87.07102966308594,85.13168334960938,85.35514831542969
2023-10-20,85.15562438964844,85.58659362792969,84.22187042236328,84.66081237792969
2023-10-23,84.98004913330078,86.43256378173828,84.75658416748047,85.14764404296875
2023-10-24,88.6272964477539,91.69194030761719,86.44852447509766,90.67837524414062
2023-10-25,91.24501037597656,91.24501037597656,88.65921783447266,88.74700927734375
2023-10-26,89.20191192626953,89.64086151123047,85.37110900878906,86.83160400390625
2023-10-27,87.1827621459961,87.66161346435547,84.38148498535156,84.87629699707031
2023-10-30,85.81005859375,88.1723861694336,85.7302474975586,87.6376724243164
2023-10-31,87.39824676513672,87.58978271484375,86.26496124267578,86.69593048095703
2023-11-01,86.43256378173828,86.45650482177734,84.46129608154297,85.59457397460938
2023-11-02,86.89545440673828,87.1747817993164,85.68236541748047,86.0175552368164
2023-11-03,86.632080078125,87.35035705566406,86.26496124267578,86.92737579345703
2023-11-06,87.22266387939453,89.28970336914062,86.62409973144531,89.20989227294922
2023-11-07,88.87470245361328,90.12769317626953,88.47565460205078,89.22586059570312
2023-11-08,89.54508972167969,91.02154541015625,89.37749481201172,90.86193084716797
2023-11-09,91.26097106933594,91.5961685180664,90.12769317626953,90.25538635253906
2023-11-10,90.76615905761719,92.22665405273438,90.33519744873047,91.99520874023438
2023-11-13,91.8914566040039,93.02474212646484,91.54828643798828,92.19473266601562
2023-11-14,92.97685241699219,93.82282257080078,92.23463439941406,93.5754165649414
2023-11-15,93.3439712524414,93.77494049072266,92.3543472290039,92.8172378540039
2023-11-16,93.0486831665039,94.94014739990234,92.8252182006836,94.92417907714844
2023-11-17,95.23543548583984,95.83399963378906,94.92417907714844,95.71428680419922
2023-11-20,95.71428680419922,96.36073303222656,95.48284149169922,95.82601928710938
2023-11-21,95.61053466796875,95.96967315673828,95.00399017333984,95.68236541748047
2023-11-22,95.69034576416016,96.16121673583984,95.2593765258789,95.45092010498047
2023-11-24,95.75418853759766,96.04948425292969,95.51476287841797,95.74620819091797
2023-11-27,95.53072357177734,96.0255355834961,95.22745513916016,95.74620819091797
2023-11-28,95.74620819091797,95.85794067382812,94.62091064453125,94.85235595703125
2023-11-29,95.38706970214844,95.53072357177734,94.53311920166016,94.86033630371094
2023-11-30,95.01197052001953,97.2386245727539,94.89225769042969,97.20670318603516
2023-12-01,97.12689208984375,98.36392974853516,96.9433364868164,97.76536560058594
2023-12-04,97.21468353271484,97.69353485107422,96.69593048095703,96.99121856689453
2023-12-05,96.57621765136719,96.7118911743164,95.76216888427734,95.9537124633789
2023-12-06,96.632080078125,97.82920837402344,95.53072357177734,95.61851501464844
2023-12-07,95.37110900878906,95.7861099243164,94.30965423583984,95.35514831542969
2023-12-08,95.05187225341797,96.4245834350586,94.95610809326172,96.24102020263672
2023-12-11,96.24102020263672,96.49640655517578,95.48284149169922,95.99361419677734
2023-12-12,96.56025695800781,97.74939727783203,96.2569808959961,97.62171173095703
2023-12-13,97.4700698852539,97.65363311767578,96.1851577758789,96.7118911743164
2023-12-14,96.67198944091797,97.68555450439453,95.69034576416016,96.84756469726562
2023-12-15,97.69353485107422,98.6991195678711,97.23064422607422,98.34796142578125
2023-12-18,98.6991195678711,98.83479309082031,98.24421691894531,98.67517852783203
2023-12-19,98.72306823730469,100.5427017211914,98.72306823730469,100.51077270507812
2023-12-20,100.10375213623047,100.73423767089844,98.33998107910156,98.4596939086914
2023-12-21,99.14604949951172,101.39664459228516,99.11412811279297,101.33280181884766
2023-12-22,101.66799926757812,102.17877197265625,100.70231628417969,101.10933685302734
2023-12-26,101.19712829589844,101.92338562011719,101.0694351196289,101.73184204101562
2023-12-27,101.27693176269531,102.48204040527344,101.23703002929688,102.31444549560547
2023-12-28,102.15483093261719,103.11253356933594,102.00318908691406,102.41021728515625
2023-12-29,102.34636688232422,102.53791046142578,101.32482147216797,101.85953521728516
2024-01-02,101.3647232055664,102.27454376220703,99.95211791992188,100.51875305175781
2024-01-03,99.8563461303711,99.93614959716797,98.68315887451172,99.0103759765625
2024-01-04,99.20191192626953,100.3750991821289,99.0981674194336,99.48922729492188
2024-01-05,99.6807632446289,100.83000946044922,99.54508972167969,100.79010772705078
2024-01-08,100.73423767089844,102.49800872802734,99.13008880615234,102.37828826904297
2024-01-09,101.57222747802734,102.77733612060547,101.31684112548828,102.77733612060547
2024-01-10,102.71348571777344,103.88667297363281,102.56185150146484,103.5115737915039
2024-01-11,103.84677124023438,103.91061401367188,102.00318908691406,103.61532592773438
2024-01-12,104.22985076904297,104.38946533203125,103.09656524658203,103.5833969116211
2024-01-16,103.11253356933594,103.63128662109375,101.54828643798828,102.1308822631836
2024-01-17,101.69194030761719,102.69752502441406,100.71029663085938,101.26097106933594
2024-01-18,101.516357421875,102.68954467773438,101.17318725585938,102.5937728881836
2024-01-19,102.71348571777344,103.79090118408203,101.70790100097656,103.599365234375
2024-01-22,103.9744644165039,105.56265258789062,103.95850372314453,104.7326431274414
2024-01-23,101.85953521728516,105.25139617919922,100.95770263671875,103.71109008789062
2024-01-24,103.96647644042969,104.06224822998047,100.91779327392578,103.69512939453125
2024-01-25,104.26177215576172,105.74620819091797,103.50359344482422,103.69512939453125
2024-01-26,104.17398071289062,105.53870391845703,104.06224822998047,104.70072174072266
2024-01-29,104.86831665039062,105.45890045166016,103.50359344482422,104.62889099121094
2024-01-30,104.93215942382812,107.16680145263672,104.72466278076172,106.88746643066406
2024-01-31,106.75977325439453,107.31843566894531,105.44293975830078,105.68236541748047
2024-02-01,106.16919708251953,108.1085433959961,105.7222671508789,108.06863403320312
2024-02-02,108.0845947265625,109.66480255126953,107.77334594726562,108.97047424316406
2024-02-05,108.52354431152344,110.64644622802734,108.33998107910156,109.90422821044922
2024-02-06,109.88028717041016,110.44692993164062,109.00239562988281,109.80047607421875
2024-02-07,110.63048553466797,110.79808807373047,110.0798110961914,110.53471374511719
2024-02-08,110.65442657470703,111.31684112548828,110.33519744873047,110.97366333007812
2024-02-09,110.94174194335938,111.27693176269531,110.30326843261719,111.1572265625
2024-02-12,111.3647232055664,112.38627624511719,110.85395050048828,111.86751556396484
2024-02-13,111.5961685180664,113.16041564941406,110.68635559082031,113.14445495605469
2024-02-14,114.1260986328125,117.2386245727539,113.60734558105469,116.91939544677734
2024-02-15,117.31843566894531,118.82681274414062,117.15084075927734,118.41181182861328
2024-02-16,118.87470245361328,120.0,118.52354431152344,119.04229736328125
2024-02-20,118.9305648803711,119.98403930664062,117.97286224365234,118.61133575439453
2024-02-21,118.49162292480469,119.22586059570312,117.84516906738281,118.97047424316406
2024-02-22,119.59297943115234,121.50837707519531,119.59297943115234,121.04549407958984
2024-02-23,121.3088607788086,122.74541473388672,121.23703002929688,122.37030792236328
2024-02-26,122.63368225097656,123.84677124023438,122.55387115478516,123.5195541381836
2024-02-27,123.69512939453125,123.71109008789062,122.18675231933594,122.89704895019531
2024-02-28,123.03272247314453,125.22745513916016,122.7613754272461,124.18994140625
2024-02-29,124.49321746826172,125.44293975830078,123.78292083740234,125.21149444580078
2024-03-01,125.29927825927734,127.15084075927734,125.1955337524414,126.61611938476562
2024-03-04,127.19074249267578,129.10614013671875,126.56025695800781,128.49960327148438
2024-03-05,128.90663146972656,129.409423828125,124.9640884399414,125.98563385009766
2024-03-06,126.97525787353516,128.4756622314453,126.47246551513672,127.29449462890625
2024-03-07,129.32162475585938,133.0646514892578,128.946533203125,132.88108825683594
2024-03-08,135.2833251953125,140.31124877929688,133.55946350097656,134.04629516601562
2024-03-11,133.35195922851562,134.4134063720703,130.0718231201172,132.92897033691406
2024-03-12,133.63926696777344,133.91859436035156,130.8300018310547,133.64724731445312
2024-03-13,132.0909881591797,136.5123748779297,132.0909881591797,135.8020782470703
2024-03-14,135.8739013671875,136.27294921875,132.18675231933594,133.0806121826172
2024-03-15,132.2027130126953,136.07342529296875,131.59617614746094,134.78851318359375
2024-03-18,134.84437561035156,136.27294921875,134.54110717773438,135.60255432128906
2024-03-19,135.5227508544922,138.81085205078125,134.8762969970703,138.43576049804688
2024-03-20,137.75738525390625,139.48922729492188,137.27853393554688,138.81085205078125
2024-03-21,139.3615264892578,141.30087280273438,138.1404571533203,140.97366333007812
2024-03-22,140.7023162841797,141.66001892089844,139.72865295410156,139.78451538085938
2024-03-25,139.39346313476562,140.0718231201172,137.90103149414062,138.45970153808594
2024-03-26,138.45970153808594,139.7047119140625,137.58978271484375,138.50758361816406
2024-03-27,139.68077087402344,143.94253540039062,139.409423828125,143.75099182128906
2024-03-28,143.61532592773438,143.63128662109375,139.1300811767578,140.08778381347656
2024-04-01,140.14366149902344,140.48683166503906,138.11651611328125,139.95211791992188
2024-04-02,140.52999877929688,144.50999450683594,133.99000549316406,136.47000122070312
2024-04-03,138.14999389648438,147.94000244140625,138.00999450683594,145.6199951171875
2024-04-04,146.64999389648438,151.99000549316406,146.2100067138672,147.38999938964844
2024-04-05,148.52999877929688,156.47000122070312,148.52999877929688,156.3000030517578
2024-04-08,157.47000122070312,157.9499969482422,153.6999969482422,156.52000427246094
2024-04-09,156.1300048828125,157.8699951171875,150.92999267578125,154.49000549316406
2024-04-10,151.88999938964844,157.7899932861328,151.64999389648438,156.61000061035156
2024-04-11,157.07000732421875,158.44000244140625,154.75,157.67999267578125
2024-04-12,155.89999389648438,156.97999572753906,153.02999877929688,154.6300048828125
2024-04-15,157.1999969482422,158.69000244140625,152.69000244140625,153.6999969482422
2024-04-16,152.6999969482422,157.02000427246094,152.0,156.75999450683594
2024-04-17,158.0,158.67999267578125,153.6300048828125,155.6699981689453
2024-04-18,156.67999267578125,158.0,152.8800048828125,152.94000244140625
2024-04-19,153.4499969482422,153.52999877929688,146.77999877929688,148.05999755859375
2024-04-22,148.8300018310547,151.91000366210938,148.8300018310547,150.19000244140625
2024-04-23,157.8300018310547,163.64999389648438,152.82000732421875,162.6199951171875
2024-04-24,161.8699951171875,162.33999633789062,155.55999755859375,159.19000244140625
2024-04-25,158.08999633789062,161.47999572753906,157.1199951171875,161.25999450683594
2024-04-26,161.00999450683594,163.3699951171875,160.30999755859375,162.35000610351562
2024-04-29,163.0,166.07000732421875,163.0,164.49000549316406
2024-04-30,163.55999755859375,166.25999450683594,161.5800018310547,161.82000732421875
2024-05-01,162.57000732421875,163.3000030517578,158.82000732421875,159.6999969482422
2024-05-02,161.38999938964844,162.82000732421875,159.4199981689453,162.63999938964844
2024-05-03,165.3000030517578,165.3000030517578,162.00999450683594,164.11000061035156
2024-05-06,165.1199951171875,167.97999572753906,165.02999877929688,167.97000122070312
2024-05-07,167.80999755859375,170.8000030517578,167.22000122070312,168.77999877929688
2024-05-08,168.10000610351562,170.19000244140625,168.10000610351562,168.86000061035156
2024-05-09,168.75999450683594,169.33999633789062,167.1300048828125,167.5
2024-05-10,167.91000366210938,168.74000549316406,163.11000061035156,163.3800048828125
2024-05-13,163.0800018310547,163.11000061035156,158.86000061035156,159.5
2024-05-14,158.63999938964844,160.82000732421875,158.02999877929688,160.0
2024-05-15,160.0,163.74000549316406,159.22999572753906,163.47000122070312
2024-05-16,163.0,163.9199981689453,161.08999633789062,161.1199951171875
2024-05-17,161.82000732421875,161.8800048828125,159.10000610351562,159.88999938964844
2024-05-20,159.9199981689453,161.4199981689453,158.82000732421875,159.27999877929688
2024-05-21,157.94000244140625,161.22000122070312,157.36000061035156,161.0
2024-05-22,160.49000549316406,161.74000549316406,159.72999572753906,160.80999755859375
2024-05-23,161.99000549316406,166.27000427246094,161.75,165.25999450683594
2024-05-24,165.8300018310547,169.14999389648438,163.85000610351562,167.3300018310547
2024-05-28,167.0,168.64999389648438,165.30999755859375,168.55999755859375
2024-05-29,166.60000610351562,167.42999267578125,163.38999938964844,163.60000610351562
2024-05-30,163.47999572753906,165.02000427246094,163.19000244140625,164.1999969482422
2024-05-31,164.2899932861328,165.35000610351562,160.07000732421875,165.13999938964844
2024-06-03,166.1199951171875,166.7899932861328,159.02999877929688,161.4600067138672
2024-06-04,161.0,161.97999572753906,158.35000610351562,161.3800048828125
2024-06-05,161.8300018310547,162.94000244140625,160.52000427246094,162.5500030517578
2024-06-06,162.3000030517578,163.1699981689453,159.75999450683594,160.6199951171875
2024-06-07,160.6999969482422,163.8000030517578,160.10000610351562,161.9199981689453
2024-06-10,162.0,163.89999389648438,161.55999755859375,162.83999633789062
2024-06-11,162.02999877929688,162.25999450683594,159.61000061035156,160.36000061035156
2024-06-12,161.25999450683594,162.94000244140625,159.17999267578125,161.0500030517578
2024-06-13,160.58999633789062,160.6300048828125,154.17999267578125,155.69000244140625
2024-06-14,154.22000122070312,156.60000610351562,153.22000122070312,155.8800048828125
2024-06-17,156.13999938964844,167.5,155.4499969482422,163.22999572753906
2024-06-18,163.39999389648438,165.19000244140625,162.36000061035156,164.97000122070312
2024-06-20,164.97000122070312,166.3000030517578,163.0500030517578,165.0
2024-06-21,164.5,164.9199981689453,161.3000030517578,164.24000549316406
2024-06-24,164.10000610351562,164.75999450683594,159.1999969482422,160.5399932861328
2024-06-25,159.5800018310547,163.64999389648438,158.4199981689453,159.72999572753906
2024-06-26,158.57000732421875,161.02000427246094,157.52000427246094,160.63999938964844
2024-06-27,160.8000030517578,161.85000610351562,159.60000610351562,160.5
2024-06-28,160.25999450683594,161.6199951171875,157.89999389648438,158.97000122070312
2024-07-01,160.6699981689453,161.39999389648438,156.0500030517578,158.97000122070312
2024-07-02,158.82000732421875,162.94000244140625,158.25,161.4499969482422
2024-07-03,161.8800048828125,164.49000549316406,161.5399932861328,163.0
2024-07-05,163.24000549316406,163.24000549316406,159.66000366210938,160.5
2024-07-08,160.8000030517578,163.77999877929688,160.64999389648438,163.52999877929688
2024-07-09,163.97999572753906,165.5800018310547,163.02999877929688,163.1300048828125
2024-07-10,163.14999389648438,165.99000549316406,162.5399932861328,165.6999969482422
2024-07-11,165.19000244140625,165.67999267578125,161.7899932861328,161.9199981689453
2024-07-12,161.8800048828125,162.3000030517578,158.8000030517578,159.00999450683594
2024-07-15,160.60000610351562,160.75,158.60000610351562,159.55999755859375
2024-07-16,159.8800048828125,163.8699951171875,159.64999389648438,162.85000610351562
2024-07-17,161.64999389648438,161.9499969482422,156.50999450683594,156.66000366210938
2024-07-18,157.3699951171875,160.44000244140625,156.4199981689453,158.7899932861328
2024-07-19,159.66000366210938,160.44000244140625,157.6199951171875,159.1300048828125
2024-07-22,159.97000122070312,162.94000244140625,159.77000427246094,162.75999450683594
2024-07-23,166.0,177.1999969482422,164.6199951171875,172.0
2024-07-24,171.5,172.8699951171875,162.0500030517578,162.3000030517578
2024-07-25,163.3000030517578,168.1999969482422,161.9199981689453,164.6699981689453
2024-07-26,167.25,172.6199951171875,166.11000061035156,169.80999755859375
2024-07-29,171.25,172.72999572753906,168.39999389648438,169.8699951171875
2024-07-30,170.47999572753906,174.72999572753906,167.27000427246094,167.47999572753906
2024-07-31,170.8699951171875,171.75,167.9600067138672,170.1999969482422
2024-08-01,170.75,174.6999969482422,168.22000122070312,169.75
2024-08-02,165.57000732421875,167.42999267578125,158.36000061035156,160.27999877929688
2024-08-05,152.49000549316406,159.89999389648438,150.1999969482422,158.36000061035156
2024-08-06,159.92999267578125,165.4499969482422,159.75999450683594,162.27000427246094
2024-08-07,164.4199981689453,166.27000427246094,161.57000732421875,162.1300048828125
2024-08-08,164.47999572753906,166.3300018310547,163.55999755859375,165.61000061035156
2024-08-09,165.4499969482422,167.8800048828125,164.57000732421875,167.1300048828125
2024-08-12,167.6300048828125,168.77999877929688,164.6199951171875,166.8699951171875
2024-08-13,167.75999450683594,168.6300048828125,166.25,167.9600067138672
2024-08-14,168.5,169.17999267578125,165.6199951171875,167.9499969482422
2024-08-15,168.75,170.75,168.22000122070312,169.94000244140625
2024-08-16,170.0500030517578,170.3300018310547,168.86000061035156,169.4199981689453
2024-08-19,169.61000061035156,171.0,168.02000427246094,170.92999267578125
2024-08-20,170.91000366210938,170.91000366210938,169.19000244140625,169.99000549316406
2024-08-21,170.10000610351562,172.19000244140625,169.85000610351562,171.1999969482422
2024-08-22,171.74000549316406,171.97999572753906,168.77000427246094,169.67999267578125
2024-08-23,170.0,171.3800048828125,168.85000610351562,171.22000122070312
2024-08-26,170.5399932861328,171.92999267578125,169.5800018310547,171.22000122070312
2024-08-27,170.6999969482422,171.5,169.60000610351562,170.99000549316406
2024-08-28,171.1999969482422,173.1699981689453,170.2899932861328,171.8699951171875
2024-08-29,172.6199951171875,175.97000122070312,172.49000549316406,173.5800018310547
2024-08-30,173.9600067138672,174.82000732421875,171.77000427246094,174.6199951171875
2024-09-03,174.19000244140625,174.75,163.60000610351562,164.2100067138672
2024-09-04,163.5,166.6199951171875,163.39999389648438,166.36000061035156
2024-09-05,164.77999877929688,166.0,162.50999450683594,163.85000610351562
2024-09-06,164.50999450683594,166.0399932861328,160.58999633789062,161.22999572753906
2024-09-09,163.49000549316406,166.3800048828125,162.91000366210938,165.35000610351562
2024-09-10,167.4499969482422,167.72999572753906,164.25,166.97999572753906
2024-09-11,166.24000549316406,166.72999572753906,162.22999572753906,166.35000610351562
2024-09-12,166.50999450683594,170.97000122070312,166.22999572753906,169.6999969482422
2024-09-13,169.41000366210938,179.32000732421875,169.2100067138672,178.27999877929688
2024-09-16,178.72000122070312,181.52000427246094,176.25999450683594,181.44000244140625
2024-09-17,181.50999450683594,182.42999267578125,178.99000549316406,180.3300018310547
2024-09-18,181.1999969482422,185.77000427246094,180.42999267578125,183.5500030517578
2024-09-19,187.64999389648438,187.99000549316406,184.27999877929688,186.16000366210938
2024-09-20,185.0,187.83999633789062,184.32000732421875,187.42999267578125
2024-09-23,187.80999755859375,189.77999877929688,187.39999389648438,188.6699981689453
2024-09-24,188.6699981689453,189.8000030517578,187.0,189.66000366210938
2024-09-25,189.8300018310547,190.8800048828125,188.1999969482422,189.3300018310547
2024-09-26,189.39999389648438,189.5500030517578,184.52999877929688,184.58999633789062
2024-09-27,184.1699981689453,186.19000244140625,183.1300048828125,185.3800048828125
2024-09-30,185.0800018310547,188.7100067138672,183.08999633789062,188.5800018310547
2024-10-01,187.49000549316406,188.22000122070312,184.9199981689453,186.3000030517578
2024-10-02,185.57000732421875,188.1999969482422,184.72999572753906,186.44000244140625
2024-10-03,186.5,186.7100067138672,183.6999969482422,183.88999938964844
2024-10-04,186.5800018310547,187.16000366210938,184.86000061035156,187.0800018310547
2024-10-07,185.94000244140625,187.22999572753906,184.8000030517578,185.9600067138672
2024-10-08,187.6199951171875,189.8800048828125,186.55999755859375,187.47000122070312
2024-10-09,186.6300048828125,189.4199981689453,186.5,189.27999877929688
2024-10-10,188.14999389648438,189.75,187.38999938964844,188.1199951171875
2024-10-11,189.41000366210938,191.77000427246094,189.05999755859375,191.16000366210938
2024-10-14,191.97999572753906,193.92999267578125,191.66000366210938,192.6300048828125
2024-10-15,193.85000610351562,194.3300018310547,189.75999450683594,190.57000732421875
2024-10-16,190.5,192.22000122070312,189.9199981689453,192.17999267578125
2024-10-17,194.08999633789062,194.8000030517578,192.1999969482422,192.6199951171875
2024-10-18,193.10000610351562,193.44000244140625,191.13999938964844,192.61000061035156
2024-10-21,192.91000366210938,194.38999938964844,192.02000427246094,194.22999572753906
2024-10-22,184.5,185.0,175.75,176.66000366210938
2024-10-23,179.6999969482422,184.97999572753906,179.6199951171875,181.69000244140625
2024-10-24,181.89999389648438,182.2100067138672,179.6300048828125,179.74000549316406
2024-10-25,180.0,181.4199981689453,178.3000030517578,179.10000610351562
2024-10-28,179.97999572753906,180.5800018310547,175.2100067138672,175.36000061035156
2024-10-29,174.55999755859375,174.89999389648438,172.77000427246094,174.0500030517578
2024-10-30,172.97999572753906,176.52999877929688,172.50999450683594,174.63999938964844
2024-10-31,172.0,173.6199951171875,170.42999267578125,171.77999877929688
2024-11-01,172.75999450683594,175.27000427246094,171.58999633789062,171.6999969482422
2024-11-04,172.3000030517578,174.67999267578125,171.4499969482422,171.75999450683594
2024-11-05,172.36000061035156,175.47000122070312,171.77000427246094,175.25999450683594
2024-11-06,181.5,182.05999755859375,178.5,180.75999450683594
2024-11-07,181.02000427246094,181.02000427246094,176.77000427246094,178.85000610351562
2024-11-08,179.64999389648438,186.4199981689453,179.4499969482422,184.80999755859375
2024-11-11,186.6300048828125,187.47000122070312,183.6999969482422,184.55999755859375
2024-11-12,185.07000732421875,185.6999969482422,180.58999633789062,182.63999938964844
2024-11-13,182.9499969482422,186.3000030517578,182.75999450683594,183.55999755859375
2024-11-14,183.0,183.8000030517578,177.49000549316406,178.39999389648438
2024-11-15,176.75,177.9199981689453,175.88999938964844,176.92999267578125
2024-11-18,177.0,178.57000732421875,175.1300048828125,177.52000427246094
2024-11-19,176.5,177.8800048828125,175.6999969482422,177.55999755859375
2024-11-20,178.10000610351562,178.5399932861328,176.0,177.97999572753906
2024-11-21,178.41000366210938,180.94000244140625,177.33999633789062,178.6999969482422
2024-11-22,179.3000030517578,181.74000549316406,178.77999877929688,181.14999389648438
2024-11-25,182.24000549316406,183.6999969482422,179.5500030517578,180.2100067138672
2024-11-26,180.8699951171875,184.92999267578125,180.4199981689453,184.60000610351562
2024-11-27,184.63999938964844,184.69000244140625,180.44000244140625,180.60000610351562
2024-11-29,181.4499969482422,182.97000122070312,181.1300048828125,182.16000366210938
2024-12-02,180.8000030517578,181.63999938964844,179.4199981689453,180.44000244140625
2024-12-03,181.0,182.24000549316406,179.91000366210938,180.72000122070312
2024-12-04,180.5,182.89999389648438,178.0,182.64999389648438
2024-12-05,180.3300018310547,180.77000427246094,172.7100067138672,172.91000366210938
2024-12-06,173.3000030517578,175.8300018310547,172.44000244140625,175.5800018310547
2024-12-09,175.0,176.3699951171875,170.77000427246094,171.32000732421875
2024-12-10,171.00999450683594,173.16000366210938,170.61000061035156,171.27000427246094
2024-12-11,173.1699981689453,173.1699981689453,167.92999267578125,168.63999938964844
2024-12-12,168.63999938964844,169.27999877929688,164.4499969482422,164.8300018310547
2024-12-13,165.64999389648438,167.8699951171875,165.5399932861328,166.00999450683594
2024-12-16,166.32000732421875,169.1999969482422,165.4499969482422,165.7899932861328
2024-12-17,165.8000030517578,166.50999450683594,163.52999877929688,165.8000030517578
2024-12-18,166.0,166.6300048828125,159.60000610351562,159.9499969482422
2024-12-19,163.02999877929688,165.77000427246094,162.17999267578125,164.8000030517578
2024-12-20,163.97000122070312,169.0800018310547,163.16000366210938,168.3699951171875
2024-12-23,168.1199951171875,169.3300018310547,166.5500030517578,169.02000427246094
2024-12-24,169.24000549316406,171.49000549316406,168.85000610351562,171.49000549316406
2024-12-26,171.02000427246094,172.6699981689453,170.1300048828125,172.14999389648438
2024-12-27,170.72000122070312,171.47000122070312,168.97999572753906,170.0800018310547
2024-12-30,167.1999969482422,169.22999572753906,166.00999450683594,168.10000610351562
2024-12-31,168.5,168.5500030517578,166.14999389648438,166.7899932861328
